description,title
"Se solicita personal con amplia experiencia en desempeño de actividades de seguridad de activos y bienes en empresa de alimentos (supermercados), mayor de 30 años, bachiller, experiencia en revisiones corporales (X3), conocimiento y dominio de estrategias y técnicas de seguridad, alto sentido de honradez y responsabilidad, ética profesional, seriedad en la ejecución de sus responsabilidades diarias, disponibilidad para trabajar en turnos rotativos y fines de semana, residenciado en la zona norte de la ciudad (INDISPENSABLE), disponibilidad inmediata.","Parador Turístico Maracaibo, C.A."
"Se solicita profesional en el área de Gastronomía, especializado en comida tipo Gourmet, amplia experiencia en el área de restaurantes y/o café bistro, sólidos conocimientos en manejo de maquinarias, equipos e instrumentos de cocina, alto sentido de lealtad, pertenencia y dedicación al cumplimiento de objetivos, supervisión de personal, manejo óptimo de fichas técnicas y recetas estandarizadas, amplio dominio de inventario de insumos, técnicas de conservación de alimentos; Calidad en el servicio de atención al cliente; Excelente presencia; Facilidad de Expresión; Creatividad y Espíritu Innovador, Capacidad Gerencia; Mayor de 35 años; Residenciado en Zona Norte de la ciudad; Disponibilidad Inmediata.","Inversiones Brasvene, C.A."
"Se solicita personal sexo MASCULINO (INDISPENSABLE), de buena presencia, con experiencia en manejo y clasificación de  legumbres, frutas y hortalizas; Conocimiento de Inventarios; Excelentes Condiciones Físicas; Calidad en el servicio de atención a clientes; habilidad númerica; capacidad para trabajar en equipo; dispuesto a acatar instrucciones de su superior inmediato; Residenciado en la zona norte de la ciudad (INDISPENSABLE); Flexibilidad de Horarios; Disponibilidad Inmediata.","Parador Turístico Maracaibo, C.A."
"Se solicita profesional, sexo masculino, con formación y experiencia en las áreas de: Refrigeración, Electricidad, Plomeria y mantenimiento general de estructuras y equipos; mayor de 30 años, proactivo, habilidad númerica, dominio de procesos de inventarios y programaciones de mantenimiento de equipos, maquinarias y estructuras en general; flexibilidad de horario, seriedad y responsabilidad en su gestión diaria, debe saber conducir vehículos sincrónicos (documentación en regla), capacidad para negociar con proveedores y contratistas; residenciado en la zona norte de la ciudad, disponibilidad inmediata.","Parador Turístico Maracaibo, C.A."
"Se solicita personal sexo FEMENINO, con experiencia mínima de 05 años ocupando cargos similares, PERFECTO dominio de Sistema A2; Excelente presencia y facilidad de expresión; Calidad en la atención y trato al cliente; Disponibilidad para trabajar en horario nocturno; experiencia en cuadres y cierres de caja, manejo de punto de venta y otros sistemas de pago; Habilidad Numérica; Seriedad y Responsabilidad en la gestión diaria; Alto sentido de lealtad y pertenencia; disponibilidad para apoyar cualquier área de la tienda cuando le sea requerido; capacidad para trabajar en grupo; residenciada en la zona norte de la ciudad (INDISPENSABLE),Disponibilidad Inmediata.","Inversiones Brasvene, C.A."
"Se solicita profesional en Relaciones Industriales, Recursos Humanos y/o carrera afín, con experiencia mínima de cinco (05) años en manejo integral de Procesos de Recursos Humanos en General, amplio dominio de: LOTTT, INCE, IVSS, BANAVIH; Liquidación de Prestaciones Sociales, Proceso de Captación, Reclutamiento, Selección, Empleo e Inducción de Personal; Procesamiento de Reclamos; Coordinación de Entrevistas; Apoyo General a la Coordinación de Recursos Humanos; Amplio sentido de lealtad, pertenencia, manejo de información confidencial; Habilidad Numérica, Capacidad de Análisis de Situaciones para resolución de conflictos; Trabajo en Equipo; Flexibilidad de Horario; Residenciada en Zona Norte de la ciudad; Disponibilidad Inmediata. FAVOR ABSTENERSE QUIENES NO CUMPLAN CON EL PERFIL SOLICITADO.","Parador Turístico Maracaibo, C.A."
"Se solicita personal sexo MASCULINO (INDISPENSABLE), para realizar actividades de mantenimiento, aseo y limpieza de áreas en empresa de venta de alimentos de consumo masivo, debe ser una persona proactiva, con grandes deseos de trabajar, excelentes condiciones físicas, capacidad para trabajar en equipo, dispuesto a acatar instrucciones y programación diaria de actividades, residenciado en la zona norte de la ciudad (INDISPENSABLE), disponibilidad inmediata.","Parador Turístico Maracaibo, C.A."
"Se solicita personal con amplia experiencia en preparación de jugos y batidos de frutas, amplios conocimientos en combinación de frutas, hortalizas y proteínas; manejo adecuado de equipos, maquinarias y herramientas; excelente servicio en la atención a clientes según las preferencias y solicitudes; conocimiento de inventario y manejo de insumos; alto sentido de higiene y orden en su área de trabajo; con disposición para apoyar cualquier área de la tienda; compañerismo y trabajo en grupo; excelente presencia; Residenciado en la zona norte de la ciudad (INDISPENSABLE),disponibilidad inmediata.","Inversiones Brasvene, C.A."
"Se solicita Cheff Profesional con amplia experiencia en preparación de platos tipo gourmet, excelente dominio de costeo de productos y manejo de inventarios, Supervisión de personal, programación y seguimiento de compras de insumos, creatividad en la propuesta de nuevas opciones de menú, organizacion y planificacion en sus actividades de trabajo, manejo de proveedores, amplios conocimientos administrativos y gerenciales, habilidad numérica, calidad en en servicio de atención al cliente, capacidad de influir positivamente en su grupo de trabajo,  flexibilidad de horarios, residenciado en la zona norte de la ciudad,  disponibilidad inmediata","Inversiones Brasvene, C.A."
"Con conocimientos en: ,-) Administración Moodle ,-) administración de servidores,-) Conocimiento en Wirecast, Camtasia, ""Preferiblemente"",-) Amplio conocimiento en la administración de redes informáticas ""OBLIGATORIO"",-) Soporte tanto en hardware como software para equipos de oficina,-) Conocimiento en el manejo de spliter, capturadoras, transmisores.,Excelente ambiente de trabajo.,Comisiones por sábado trabajado",CEDUM
"Empresa Líder de estacionamiento busca personal con DISPONIBILIDAD INMEDIATA! capacitado con estudios de preferencia en  Administración (no excluyente)  para ejercer como Recepcionista con experiencia en atención al cliente, facturación,manejo de punto de venta, manejo de paquete office, buena dicción, capacidad para manejo de situaciones difíciles, responsable con buena presencia con edades comprendida entre 20 y 30 años, siempre en busca de satisfacer las necesidades de comunicación del personal, operando la central telefónica, atendiendo al público en sus requerimientos de información, ejecutando y controlando la recepción, atención de proveedores,  apoyar a las actividades administrativas, rrhh y gerenciales, adaptandose a las normativas de la empresa.,Debe vivir en zona accesible a SAMBIL MARACAIBO.,Atractivo Paquete Salarial superiores a lo estipulado en ley mas bonificaciones de acuerdo al rendimiento..,Requisitos para entrevista:,Cédula laminada ,Copia de cédula,Copia del RIF con dirección actualizada,Recibo de servicio público (agua, luz o gas) o en su defecto carta de residencia vigente,2 referencias personales con nombre completo, nro de cédula, dirección y telefonía fija (obligatorio). Ninguno de éstos datos deben coincidir con los del postulante.,1 Carta de su última referencia Laboral con nro de tlf fijo (comprobable)",Servicio Valet Parking
"Ejecutar todas las actividades relacionadas a la transformación y elaboración de alimentos bajo los estándares de calidad establecidos por la organización, Garantizar la adecuación de los alimentos antes y luego de procesados, Preparar los alimentos bajo los estándares de calidad establecidos, Ejecutar órdenes de producción, orden de salida y Control de Emisión de las Ordenes de Producción de los productos elaborar, Registra data de elaboración de productos elaborados en el Conteo de Pizzas y Pastas, Registrar las Mermas, Elaborar Control de Existencia y pedido de Materias Primas e Insumos, Hacer buen uso de los equipos y herramientas de trabajo, Limpiar sus utensilios y herramientas, Recopilar toda la basura del área para su desecho, Ejecutar tareas para la elaboración de salsas, platos a base de pastas, paninos, ensaladas, pizzas etc. siempre y cuando sea aplicable al puesto de trabajo, Ejecutar cortes de vegetales, procesamiento de lechuga, rebanado de embutidos y quesos, si esto es aplicable al cargo, Ejecutar labores de limpieza y aseo de las áreas responsables a su cargo, Mantener el orden y buen estado de sus herramientas y equipos, Hacer buen uso de los equipos y herramientas de trabajo, Colabora y participa en las actividades requeridas por la organización, Reporta cualquier eventualidad de su área de trabajo, equipos y herramientas, Mantiene control de insumos y materias primas, Participa en la ejecución de inventarios de su área de trabajo",Mondo Gelato
"Empresa de Estacionamiento busca personal capacitado con DISPONIBILIDAD INMEDIATA , estudiante o graduado para ejercer el cargo como Operador de Estacionamiento Vip (Parquero de Vehículos) con experiencia en manejo de vehículo, atención al cliente, ordenado(a) y de fácil adaptación a los cambios y normativas, responsable, puntual de SEXO INDISTINTO. Seras entrenado para el cargo.,Es necesario tener entre 22 y 35 años de edad, con buena presencia, buena disposición para la atención al público y capacidad para resolver situaciones difíciles. Residenciado en la zona norte cercana al C.C. Sambil Maracaibo (indispensable),Atractivo paquete salarial superior al establecido por ley, con la cancelación de todos los beneficios establecido y bonificaciones.!,Requisitos para entrevista:,Cédula laminada vigente indispensable,Copia de cédula,Copia de Licencia de Conducir y Carta medica (indispensable original),Copia del Rif con dirección actualizada ,Recibo de servicio público (agua, luz o gas) o en su defecto carta de residencia ,2 referencias personales con nombre completo, numero de cédula, dirección y telefonía fija (obligatorio)",Servicio Valet Parking
"Empresa de seguridad y transporte de valores ubicada en San Bernardino busca Coordinador de Recursos Humanos para cumplir funciones inherentes al cargo.,Requisitos:,Licenciado en Relaciones Industriales, Administración de Personal o carrera afín. ,Experiencia previa mínimo de 3 años en el área. ,Experiencia en reclutamiento y selección, entrevistas de personal, nómina, liquidaciones, capacitación, normativas legales vigentes, uniformes, pólizas, beneficios y compensación. ,Conocimiento avanzado en aplicaciones bajo ambiente Windows (Word, Excel y PowerPoint). ,Manejo del Sistema Administrativo de Nómina (Profit Plus indispensable) Internet y Outlook. ,Competencias requeridas: ,Pro actividad y dinamismo. ,Sentido de urgencia. ,Orientación a resultados. ,Capacidad de establecer excelentes relaciones interpersonales en diferentes niveles de la organización. ,Orientación al trabajo en equipo.,Beneficios:,60 días de UT,HCM 3.000.000,00,Salario de base 500.000,00 + Bono de alimentación 549.000,00 = 1.049.000,00 Bs. mensuales",Integconsult
"Empresa ubicada en Caracas solicita Contador - Administrador con experiencia, Se requiere dominio tanto del área contable como administrativa, y experiencia en el manejo del sistema administrativo Profit.",Integconsult
"Se solicita personal de mantenimiento, mayor de edad, preferiblemente residenciado en la zona norte de Maracaibo.,COLOCAR TELEFONO DE CONTACTO ACTUALIZADO Y ESTAR ATENTO A NUESTRA LLAMADA.","Inversiones Emca, C.A"
"Nos encontramos en la búsqueda de Licenciado (a) en Educación para desempeñarse como Coordinador Docente de Media General. Con disponibilidad para laborar 18 horas semanales. ,Se ofrece:,Sueldo acorde  a credenciales y a escala salarial del  Ministerio Popular para la de Educación,Cestaticket,Beneficios de Ley",U.E COLEGIO LA VILLA DE LOS NIÑOS
"Nos encontramos en la búsqueda de Agentes de Tráfico Aéreo que cumpla con las siguientes funciones:,a)	Velar por mantener la imagen de la empresa: Uso del Uniforme, Normas de cortesía y amabilidad y puntualidad en el trabajo.,b)	Verificar los documentos de identidad a la hora del Check in, con el VCR o boleto Físico.,c)	Chequear y vender Tickets a pasajeros y/o usuarios en mostradores.,d)	Verificar el peso del equipaje, así como la colocación de las respectivas etiquetas a su destino final e incluir en sistema peso, piezas.,e)	Proceder al cobro del exceso de equipaje en los casos que sea necesario,f)	Indicar y resaltar en el Boarding Pass número y hora de la puerta de embarque.,g)	Velar para que no se embarque mercancías peligrosas.,h)	Informar al supervisor inmediato sobre cualquier irregularidad que se pueda presentar al momento de chequeo y/o embarque de pasajeros.,i)	Velar por el cumplimiento de las normas establecidas en cuantos pasajeros especiales, personas bajo influencia alcohólica, armamentos y otras.,j)	Reportar los ingresos correspondientes por concepto de ventas diarias.,k)	Coordinar con el supervisor inmediato en el caso de demoras los detalles correspondientes: Información, refrigerios, protección de conexiones, hoteles, llamadas telefónicas, trasporte etc.,l)	Las demás responsabilidades establecidas en el Manual Básico de Operaciones, Manual de Operaciones en Plataforma, Manual de Equipajes, Manual de Normas y procedimientos aprobados por los Organismos competentes.,m)	Las demás responsabilidades  emanadas del supervisor inmediato.","Estelar Latinoamerica, C.A."
"Recibir, inspeccionar y entregar los vehículos recibidos para servicios automotrices; apoyado en procedimientos, lineamientos de General Motors, equipos y herramientas especializadas y personal calificado, bajo un ambiente de trabajo seguro, orientados hacia la calidad y oportunidad del servicio para contribuir con la rentabilidad de La Empresa y la excelencia en el servicio que presta tanto a clientes internos como externos.",Premium Motors C.A
"En BairesDev estamos buscando DBA SQL SSR/SR para sumarse a distintos proyectos que llevamos junto a reconocidos clientes de USA de las más variadas industrias (viajes y turismo, e-commerce, salud, plataformas sociales, seguridad y muchas más),Cuál será tu rol?,Trabajar en equipo junto a desarrolladores, tech leads y arquitectos de soluciones para construir aplicaciones, mejorar estructuras existentes agregando nuevas funcionalidades o proponiendo updates tecnológicos para que como resultado, el impacto de tu aporte sea significativo en el core de cada negocio.,El resultado de tu trabajo te permitirá también mejorar la experiencia de usuarios en plataformas escalables y de alta disponibilidad, contribuyendo al diferencial clave de cada negocio.,Qué buscamos en nuestros candidatos?,6+ años de experiencia trabajando con la tecnología BigData,4+ de experiencia trabajando con la tecnología DBA SQL,Ventajas de Trabajar con nosotros,Uno de nuestros valores fundamentales en BairesDev es reconocer que nuestros candidatos son nuestro mayor activo.,Y sólo atrayendo al mejor talento es que hemos trabajamos con clientes de la más alta reputación dentro del mundo IT.,Es por eso que acorde a nuestra propuesta de valor, podrás también encontrar:,● Excelentes beneficios y salario,● Un entorno desafiante,● Amplias oportunidades de desarrollo,● Posibilidad de trabajo remoto",BairesDev SA
"Responsable de la revisión diaria de los procesos administrativos de la empresa. ,Conciliaciones bancarias, registro contable de nominas, para fiscales, revisión de libros de compra y ventas, retenciones de ISLR, impuestos municipales.","El Eden Parque Memorial, c.a."
"Empresa de Servicios de Vigilancia y Servicios de Mantenimiento.,Se solicita supervisora con experiencia comprobada en personal y seriedad laboral.,Indispensable en Vigilancia.,1)- Experiencia en Reclutamiento de Vigilantes y supervisión ,Actividades en Supervisión de Limpieza y Mantenimiento.,1) Supervisar las labores de Limpieza, de acuerdo a las solicitudes del cliente, programas de limpieza y aquellas que surjan en los recorridos de excelencia, garantizando que estas se hagan de acuerdo a los parámetros de calidad exigidos, permitiendo la satisfacción de los usuarios del servicio.,2) Velar diariamente por que la limpieza de las instalaciones se mantenga de acuerdo a los parámetros de calidad acordados con el cliente, controlando que las rutinas básicas de aseo se realicen al 100%.,3) Hacer seguimiento a las actividades de Limpieza establecidas en el programa, velando porque se hagan de acuerdo a los procedimientos, calidad, seguridad y tiempos establecidos.,4) Realizar recorridos periódicos de excelencia por todas las instalaciones del cliente, garantizando que estos permitan identificar las deficiencias existentes en las instalaciones. Elaborar plan de acción para corregir las deficiencias encontradas y hacer seguimiento a la ejecución de este. Este recorrido se debe dejar documentado en formato establecido, al igual que del plan de acción. ,5) Llevar control de las herramientas, maquinaria e insumos de Limpieza, garantizando que a estos se les de el uso y cuidado.",VORTEX
"SNOOPY C.A: Estamos en la búsqueda de 1 Diseñador Gráfico, sexo masculino residenciado en la zona sur por motivos de pasajes, que domine todos los programas de diseño actuales, 1 Persona para el Cargo de Aseo (Limpieza y mantenimiento) con buen desempeño en el cargo, 1 Asistente Administrativo con experiencia en sistema A2, Compras, Ventas, Retenciones, IVA, pagos, proveedores, con experiencia, enérgica, muy activa con liderazgo y mucha responsabilidad, 1 Operador de maquina de fotocopiados, planos, plastificados. (Todos dinamicos, proactivos, responsables, puntual. (Solo sexo femenino para aseo y asistente administrativo) con conocimientos en papeleria y materiales de oficina",Centro Profesional de Copiado Snoopy C.A.
"Sercoinfal, C.A. prestiogiosa empresa en el area de comedores industriales se encuentra en la busqueda de personal con experiencia en el area pra cubrir cargo como Supervisor de Seguridad e Higiene Industrial,Residenciado en Barquisimeto,*CERTIFICADO DE SALUD APTO PARA MANIPULAR ALIMENTOS (OBLIGATORIO),*CURSO DE MANIPULACION DE ALIMENTOS (OBLIGATORIO),Profesional en el area de Seguridad Industrial con conocimientos en:,•	Realización e inspección en el área del comedor (almacén, cavas, desconche, ensalada y demás áreas de trabajo).,Supervisar  los procesos del área comedor (cocina),•	Verificar  reportes de alertas y condiciones inseguras o insalubres. ,•	Realizar entrega de equipos de protección personal (EPP) a los trabajadores y trabajadoras del comedor.,•	Supervisar que los trabajadores empleen los equipos de protección personal (EPP).,Elaborar análisis de riesgos, AST y notificaciones de riesgo,•	Reportar los accidentes de trabajos y las enfermedades ocupacionales a Inpsasel.,•	Realizar el diagnóstico sobre las enfermedades ocupacionales padecidas por los trabajadores y las trabajadoras,•	Elaborar la propuesta del programa de seguridad y salud en el trabajo con la participación efectiva de los trabajadores y las trabajadoras y someterlo a la consideración del comité de seguridad y salud laboral,•	Elaborar y ejecutar con la participación de los trabajadores del PSST.,•	Evaluar y conocer las condiciones de las nuevas instalaciones, maquinarias y equipos ante de dar inicio a su funcionamiento, así como formar y capacitar a los trabajadores y trabajadoras sobre los mismos.,•	Elaborar la propuesta del programa de seguridad y salud en el trabajo con la participación efectiva de los trabajadores y las trabajadoras y someterlo a la consideración del comité de seguridad y salud laboral.,•	Implementar el programa de seguridad y salud en el trabajo.",SERCOINFAL C.A
"Ejecuta labores de limpieza y aseo de las diferentes áreas de la organización (oficinas, sanitarios, pasillos, salón, terraza, fuente de agua, escaleras, cocina, etc.), mantiene el orden y buen estado de las instalaciones, hace buen uso de los equipos y herramientas de trabajo, limpia estantes y gabinetes de las áreas donde aplique esta actividad, mantenimiento y riego de las aéreas verdes, recopila toda la basura de las oficinas y áreas operativas, depositándolas en las áreas destinadas para ello, suministra los insumos a los baños, lava, seca y organiza los enseres de la cocina, colabora y participa en las actividades requeridas por la organización, colabora en las actividades del productor de comida y semi-elaborados si este lo amerita, reporta cualquier eventualidad de su área de trabajo, elabora Control de Existencia y Pedido de Materias Primas e Insumos, para requerir los productos de limpieza. Ayuda en la formación del nuevo personal, Reporta cualquier comentario o queja emitida por el cliente a su supervisor inmediato, Hace buen uso de sus herramientas de trabajo, reporta cualquier eventualidad de su área de trabajo, equipos y herramientas a su supervisor inmediato, Presta apoyo a otras áreas de trabajo asignadas por su supervisor, Cumple con los requisitos legales y suscritos exigidos. (Certificado de salud, normas y reglamentos internos), informa al Coordinador de Mantenimiento y Logística de posibles riesgos en la infraestructura de las áreas, equipos y herramientas, Participa en simulacros para la preparación y respuesta ante emergencias ambientales y de seguridad, Mantiene el orden y limpieza dentro del área de trabajo, Cumple con las normas de seguridad de la organización, Cumple con lo establecido en  las Políticas de la organización (Calidad, Ambiente, Seguridad, otras)",Mondo Gelato
"se solicita oficiales de seguridad para trabajar turnos 24x24 beneficios de la ley mas bonos residenciados en la manguita, centro de valencia, avenida bolívar ,avenida lara , hospital central, y sus alrededores edad entre 25 y 65 años con o sin experiencia",grupo de seguridad op 972
"Empresa de seguridad electrónica  solicita personal con experiencia comprobada en el área de ventas para ocupar el cargo de asesor de proyectos, que cumplan con el siguiente perfil:, ,Profesional Universitario Ingeniero, Licenciado, TSU o Vendedor profesional. ,	Edad comprendida entre 28 y 40 años (no limitativo) ,	Residenciado en el estado Carabobo. ,	Dispuesto a trabajar en la calle asesorando a clientes prospectos ,	Buena presencia.,	Proactivo.,	Comprometido.,	Excelente léxico y escritura.,	Que pueda trabajar bajo presión.,	Ser auto disciplinado.,	Trabajar en Equipo.,	Disponibilidad inmediata.,Principales funciones del cargo:,•         Llamadas y visitas a nuevos clientes.,•         Incremento de la cartera de cliente.,•         Seguimiento  a  clientes existentes.,•         Elaboración y envió de presupuestos.,Se ofrece salario básico, comisiones por ventas, cestaticket, bono por vehículo o transporte, Bonificacion por metas de visitas, horario flexiible más benéfico de ley.","Digitalarm, C.A."
"Snoopy, Requiere de personal exclusivamente sexo masculino para el departamento de copias que tenga experiencia con equipos de fotocopiado, informática, fotografía, anillados, plastificados, etc enérgico, dinámico, activo, honesto, puntual, responsable y buena presencia. De edad de 25 a 31 años de edad. Residenciado exclusivamente en la zona sur.",Centro Profesional de Copiado Snoopy C.A.
"•	Recepción de facturas  con sus respectivas órdenes de compra firmadas por Gerencia General de los diferentes departamentos para su contabilización. ,•	Verificar los deberes formales de facturación, en el caso que algún proveedor o prestador de servicio no cumpla con los requisitos no aceptar facturas. ,•	Realizar comprobantes de retención IVA e ISLR según corresponda y hacer entrega oportuna al cliente. ,•	No aceptar de los diferentes jefes de departamentos facturas con tachaduras y enmendaduras. ,•	Analizar y conciliar las cuentas por cobrar a los proveedores con reporte de antigüedad. ,•	Mantener una lista diaria de los cheques emitidos y los cheques pagados. ,•	Realizar cheques y programar los pagos a los proveedores. ,•	Por ningún motivo debe procesar pagos que no estén revisados por Gerencia de Administración y aprobados por Gerencia General. ,•	Mantener en perfecto orden correlativo y de fecha el archivo el archivo de la documentación manejada por el departamento. ,•	Realizar los pagos de los servicios básicos de manera oportuna dentro de los plazos establecidos. Cualquier retraso o incumplimiento ocasionará una amonestación por parte de  Gerencia de Administración. ,•	Hacer entrega los días lunes listado de cheques procesados para su respectiva revisión y posterior a esto llevar a Gerencia General al final del día para su aprobación. ,•	Hacer las respectivas diligencias necesarias en relación al pago de los servicios públicos. ,•	Dirigirse ocasionalmente a las oficinas de los directores para entregar lotes de cheques para la firma y recibir cheques firmados. ,•	Mantener al día los procesos de registros de facturas, a fin de cumplir con el pago de las retenciones",Eurobuilding Express El Tigre
"Nos encontramos en la búsqueda de Licenciado (a) en Educación Mención Ingles o estudiante del ultimo semestre de la carrera para desempeñarse como Docente de Aula con una carga horaria de  48 hrs semanales.,Con experiencia aula y dominio del idioma,Responsable, Proactivo",U.E COLEGIO LA VILLA DE LOS NIÑOS
"Para desempeñarse como Soporte Técnico de Sistemas estamos en la búsqueda de TSU en informática o carrera afín,Requisitos:,Residenciado en zona cercana al Centro Comercial Parque Los Aviadores, Palo Negro,Conocimientos:,Ensamblaje de computadoras,Experiencia en Soporte Técnico,Experiencia en Mantenimiento de computadoras, impresoras y redes,Manejo de BD Access,Buen trato con cliente,Buena presencia,Disponibilidad inmediata,Ofrecemos:,Cargo fijo y beneficios LOTT vigentes,Agradable ambiente de trabajo,Entrenamiento,Salario competitivo",ID 2005 Servicios CA
"Se requiere ejecutivo de ventas para la zona de Mérida y Trujillo. Actividades: Planificación de visitas según ciclo (mensual, semanal), visitas a clientes, promoción y venta de productos, cobranza efectiva, seguimiento al cliente, elaboración de reportes de visitas semanales.",INPARPICA
"Velar y promover el cumplimiento de las políticas administrativas y las establecidas por  la empresa a todos los niveles bajo su responsabilidad.,Revisar constantemente los ingresos y egresos de la organización y realizar las prevenciones correspondientes.,Revisar y velar porque el proceso de facturación se realice de forma correcta y en el momento oportuno.,Mantener control efectivo sobre todas las operaciones que se encuentren adscritas a su área.,Promover e implementar soluciones oportunas a las diferentes situaciones presentadas en el cumplimiento de las actividades del área bajo su responsabilidad,Mantener informado al Gerente de Control de Gestión sobre las diferentes situaciones presentadas y las decisiones tomadas.,Mantener control de entrega de chequeras al Asistente Integral Administrativo.,Promover la adaptación al cambio dentro de su equipo de trabajo de acuerdo al desarrollo y crecimiento de la organización. ,Garantizar la óptima administración de los recursos dispuestos para los diferentes frentes de trabajo.,Realizar oportunamente la detección de necesidades que permitan evaluar el desempeño, formación y plan de carrera del personal bajo su cargo.,Velar por el orden y limpieza de los puestos de trabajo a su cargo.,Garantizar el adecuado control y disposición de los registros que se generan dentro de su área de trabajo.,Revisar y autorizar las Reposiciones de Cajas Chicas asignadas. ,Aprobar las transferencias bancarias correspondientes.,Realizar seguimiento a pagos de retención de I.V.A. e I.S.L.R. en el momento oportuno. ,Realizar seguimiento a la entrega y recibo de las retenciones en conjunto al Coordinador de Contabilidad.,Realizar seguimiento a la Coordinación de Talento Humano en relación a pagos de SSO, FAO, INCE y Cesta Ticket.,Revisar carpetas administrativas, con la finalidad de verificar que las mismas estén organizadas y con los soportes correspondientes.,Planificar y supervisar la gestión administrativa de la empresa.,Entre otras.",Solcimeca
"Nos encontramos en la búsqueda de estudiantes universitarios dispuestos a trabajar como despachador / mesonero:  ,* Pro-activos, trabajo en equipo, con habilidad para el trabajo bajo presión. ,* Buena presencia.,* Facilidad de Expresión.,* Buen trato y excelente atención al cliente. ,* Disponibilidad para trabajar en turnos rotativos y fines de semana.,* Curso de Manipulación de Alimentos y Certificado de Salud y Manipulación de alimentos vigente.,* Preferiblemente, que estén residenciados en   Mañongo,  Viña, Prebo, Av. Bolívar, o zonas  aledañas.,Ofrecemos: ,- Horarios flexibles ,- Excelente  ambiente de  trabajo ,- Oportunidad de  crecimiento ,- Remuneración competitiva con el mercado","KP PIAZZA, C.A."
Se solicita  TSU  HIGIENE Y SEGURIDAD... INDUSTRIAL Registrado en Insapsel con experiencia comprobable  .  Velar por el cumplimiento de las disposiciones legales y normativas en materia de seguridad y salud laboral.,Serenos Los Cedros C.A
"Contratación inmediata que no se encuentre laborando. ,Se solicita programador Master con conocimientos en:,Php, Laravel, codeigniter.,Manejo de Big Data.,procesamiento de imágenes,Manejo de base de datos mysql, sql, sqlite.,Manejo de servidores compartidos, y dedicados. ,La persona debe tener disponibilidad inmediata, manejar optimización de procesos, comprender código de terceros con facilidad. ,Rapidez en elaboración de proyectos designados. ,El trabajo estable con un sueldo mensual acorde a sus capacidades.",Multiservip
"*Profesional de RRII, RRHH o Seguridad laboral,Funciones:, Velar por el cumplimiento de las actividades en materia de salud laboral, tomando en cuenta lo establecidos en las normativas legales, controlar la ejecución de los procesos técnicos-administrativos para garantizar la eficacia y la eficiencia de las actividades de prevención de enfermedades ocupacionales en la organización:,Conocimiento en:,* IVSS,* Medicina ocupacional,*HCM colectivo",Tiendas Kioto
"Nos encontramos en la búsqueda de Analistas para el área de Facturación.,Requisitos:,Estudiante universitario o TSU en carreras administrativas.,Conocimientos básicos en normativas fiscales de facturación.,Conocimientos de IVA, ISLR.,Manejo intermedio de Excel., ,Funciones:,Realizar la facturación global por cada uno de los servicios suministrados por la sede de manera diaria, quincenal o mensual según corresponda.,Generar archivos planos para envíos y radicación de cuentas con los clientes.,Liquidar y grabar protocolos.,Realizar la anulación de cargos errados que afectan la facturación global.,Generar estados de cuenta por pacientes.,Recibir y validar los documentos y soportes que avalen la facturación a terceros.,Otras funciones inherentes al cargo.",vidamed
"Profesional Universitaria con excelente presencia y buenas habilidades de redacción y ortografía. Usuario avanzado de herramientas Office . Experiencia en procesos administrativos de oficina, elaboración de informes y presentaciones gerenciales. Deseable conocimientos de fotografía y administración de redes sociales. Persona creativa, planificada y organizada. Residente en zona sur, dispuesta a laborar en sede ubicada en via a Perija con servicio de transporte.",Prisma Consultores Gerenciales
"Licenciado en recursos humanos, relaciones industriales. Revisar nomina, liquidación de prestaciones sociales , vacaciones . Revisión de obligaciones gubernamentales. Revisión del presupuesto de gastos de personal mensual . Aprobación de cierre de nomina mensual y contabilizacion. Ejecuta movimientos de personal y cambios en el Sistema SIGESP. Desarrolla procedimientos del area.  Vela por el cumpliimiento de las disposiciones legales. Dominio de excel nivel avanzado. Competencias : Cooperativo, trabajo en equipo, atencion al cliente, organizado.","Laboratorios Miranda, C.A. "
".- Profesionales universitarios en informática, administración, mercadeo, venta, publicidad.,.- Mínimo 2 años de experiencia en ventas de software y/o productos de tecnología, así como en el servicio ,   al cliente.,.- Deseable conocimientos y manejo de software para la gestión administrativa / contable.,.- Excelente presencia y dicción.,.- Habilidad para el trabajo en equipo y para las relaciones interpersonales.,.- Edad máxima: 35 años.",WINLEDGER INTERNATIONAL C.A
"Importante empresa manufacturera ubicada en cagua estado Aragua se encuentra en la búsqueda de Gerente de Planta, quien estará encargado de la producción y el mantenimiento de una planta industrial ubicada","IRON GROUP, C.A. "
"Sercoinfal, C.A. prestigiosa empresa en el area de comedores industriales se encuentra en la busqueda de personal con experiencia en el area contable para optar por el cargo de Analista de Cuentas por Pagar,Requisitos:, * Conocimientos en materia fiscal (PREFERIBLEMENTE).,* Experiencia en análisis de cuentas, conciliaciones bancarias y contabilidad en general.,* Conocimientos Avanzados en el manejo de programas de computación (Excel, Powerpoint).,* Facilidad de Expresión y trato con el público.,* Experiencia mínima laboral de 2 años.,* Procesar, ingresar y mantener actualizada los saldos de los clientes y distribuidores en los sistemas operativos.,* Conciliaciones bancarias y análisis de partidas en conciliación.,* Registro y actualización contable de los procesos administrativos.,* Procesamiento y registro de pagos a proveedores incluyendo sus implicaciones fiscales.,* Elaboración de conciliación de retenciones de ISLR e IVA.,* Asistencia en la preparación de reportes de gestión.",SERCOINFAL C.A
"Empresa de seguridad electrónica solicita caballero, para ocupar el cargo de Tecnico,  con experiencia en instalaciones y  mantenimientos de sistemas de Alarmas de Seguridad, CCTV, cercas eléctricas y control de acceso, así como también conocimientos básicos de electricidad; se requiere:,•	Nivel Educativo: Técnico Superior en Electrónica o Informática ,•	Experiencia Laboral:  mayor  a 2 años,•	Edad: entre 25 y 30 años,•	Licencia de 2da y 3era / Certificado médico vigente  (obligatorio),•	Debe manejar vehículo y moto sincrónico ( abstenerse quien no posea estas habilidades) ,Habilidades: Fluidez verbal, trabajo en equipo, toma de decisiones, excelente comunicación, disciplina personal, proactivo, comprometido con su trabajo.,Se Ofrece sueldo básico, comisiones por meta y productividad, cesta ticket más Beneficios de ley.","Digitalarm, C.A."
"Importante empresa  del sector solicita Ingeniero en Alimentos o TSU  con experiencia  para ocupar el cargo de Líder de Producción,  su responsabilidad sera  la de Planificar, Coordinar y supervisar la ejecución de los  procesos del área de producción, siguiendo las normas y   procedimientos establecidos por la organización, a fin de garantizar los niveles de productividad y calidad.","Alimentos Aurora, C.A."
"Prestigiosa Empresa dedicada a la Distribución de productos de consumo masivo, se encuentra en la búsqueda de personal para desempeñarse en el cargo de Analista de Recursos Humanos con los siguientes requisitos:,•	T.S.U. o licenciado en Recursos Humanos.,•	Manejo del sistema Profit Plus. Indispensable. ,•	Conocimientos en administración de personal: nómina, liquidaciones, vacaciones, utilidades, cesta tickets, entes gubernamentales.,•	Calculo de prestaciones sociales,•	Conocimientos de la LOTTT y su reglamento.,•	LOPCYMAT y su reglamento,•	IVSS, BANAVIH, INCES,•	Selección de personal.,•	Contrataciones.,•	Capacitación.,•	Orientado al logro.,•	Responsable.,•	Comprometida con la organización.,•	Alta orientación al servicio.,•	Trabajo bajo presión.,•	Disponibilidad inmediata,•	Disponibilidad para viajar","distribuidora armares, sur"
"atender a los usuarios del laboratorio en la recolección de muestras, asistir a las  enfermeras.en los requerimientos  del laboratorio. tener buen trato con  el personal  tratante",Captacom ETT C.A
"Conocimientos en los subsistemas del área de Recursos Humanos,Conocimientos en los procesos relaciones con los entes gubernamentales, pagos, solvencias (INCES, BANAVIH, IVSS, entre otros relacionados con el área),Organización de expedientes,Pago del beneficio de alimentación,Conocimiento en Profit Plus nómina",MOBIL CHIC C.A.
"Estamos tras la búsqueda de profesional en el área de seguridad con el siguiente perfil:,Profesional en Salud Ocupacional o  TSU en Seguridad industrial.,Licencia en Salud Ocupacional,Base de Datos y Sistemas de información.,Manejo de sistemas de Gestión OSHAS 18001,Gestión Ambiental ISO 14000,Con conocimientos comprobables en el desarrollo de los Programas de Vigilancia Epidemiologica, Reporte de accidentes de trabajo, enfermedades profesionales e investigaciones de las misma.,Elaboración de estadísticas e indicadores de gestión en materia de Seguridad.,Experiencia de 2 a 5 años,Sexo. Indistinto.,Residenciado en La Victoria Edo. Aragua.,Proactivo y capaz de trabajar bajo presion.,Favor Abstenerse quien no cumpla con el perfil","Um Descartables, C.A"
"•	Instalar y configurar la tecnología a ser empleada en la empresa, es decir, los equipos, sistemas operativos, programas y aplicaciones.,•	Realizar el mantenimiento periódico de los equipos y sistemas.,•	Brindar asistencia a los empleados o clientes en materia tecnológica:,o	Comprender el problema y su causa.,o	Solucionar el problema.,o	Explicar el problema a los miembros del equipo o el cliente.,•	Detectar las averías en los sistemas y aplicaciones:,o	Realizar diagnósticos del malfuncionamiento del hardware y el software.,o	Encontrar soluciones a cualquier falla e implementarlas.,•	Reemplazar las partes dañadas o con averías en los equipos cuando sea necesario:,o	Realizar la solicitud de las piezas nuevas cuando no estén en existencia en el inventario.,•	Elaborar informes sobre el estado de los equipos y sistemas de la empresa.,•	Implementar y orientar en la ejecución de nuevas aplicaciones o sistemas operativos:,o	Aprender sobre la nueva aplicación o sistema operativo.,o	Realizar pruebas antes de su implementación en los sistemas.,o	Evaluar las nuevas aplicaciones o sistemas operativos.,o	Realizar la instalación pertinente en todos los sistemas de la empresa.,•	Configurar perfiles, correos electrónicos y accesos para los nuevos ingresos, además de brindar asistencia en todo lo relacionado a contraseñas.,o	Base de Conocimiento,Sistemas Operativos Windows xp, Windows Seven,, Windows 10 ,Microsoft Office , Microsoft Outlook,Sistemas operativos Windows Server 2003 ,2008,2012,Manejo de Active Directory,  ,Redes Lan, Wan,",ALNOVA C.A.
"Empresa dedicada a la creación de contenidos educativos y tutoría en línea, solicita profesionales relacionados con las áreas de Ciencias sociales (licenciados en educación, comunicación social, letras y filosofía, entre otras carreras afines a las ciencias sociales) que tengan conocimiento en cultura general para desempeñar desde su casa la atención a usuarios de varios países de Latinoamérica:,Tareas a desarrollar por el postulante:,• Atención de los usuarios. ,• Redacción de contenidos originales.,Perfil solicitado:,• Buena predisposición en el trato con los usuarios.,• Creativo(a).,• Disposición a aportar ideas.,• Capacidad de trabajar bajo presión.,• Experiencia en el ámbito educativo (no limitativo).,• Ser graduado en las carreras mencionadas o ser estudiante de últimos semestres de éstas.,Requisitos indispensables.,• Excelente nivel de redacción.,• Conexión a Internet estable y de un ancho de banda aceptable.,• Disponibilidad horaria de lunes a viernes de 1 pm a 9 pm.,IMPORTANTE: En caso de no cumplir con alguno de los requerimientos anteriormente señalados, su postulación será descartada.",Elbibliote.com
"Trabajar como de Representantes de Ventas residenciado en el Estado Portuguesa con perfl y experiencia en el area de ventas, preferiblemente en repuestos automotrices (no Limitativo), con referencias comprobables, responsable, organizado, comunicativo,  excelentes relaciones interpersonales, habilidad numérica, capacidad de negociación, Capacidad para Persuadir ,Convencer, ofecer y vender. Dedicarse a la busqueda activa de nuevas oportunidades en cuanto a captación de clientes, disponibilidad para viajar en el Estado, vehículo y/o Moto en perfecto estado (No Limitativo) . FAVOR ABSTENERSE QUIENES NO CUMPLAN LOS REQUISITOS.,* Ingresos por porcentaje (%) de comisión de Ventas. Bonificacion por Activacion de Clientes y otros incentivos,Anímate a obtener excelentes ingresos!",Distribuidora de Repuestos TJ C.A.
"Empresa de desarrollo de paginas web, solicita:,Analista de Recursos Humanos,Funciones.,Calculo de nomina de sueldo,  pasivos laborales del personal activo, vacaciones, anticipos de prestaciones sociales, fideicomiso, etc. y liquidaciones de prestaciones sociales, a objeto de cumplir con las procedimientos establecidos en la Empresa., Elaboración del control (cálculo y pago) de cesta ticket, llevar control de examanes medico pre empleo, llevar libro de vacaciones, inclusion exclusion y control de la poliza y otros beneficios, prestar colaboración en planificacion de eventos corporativos,  mantener ordenado los archivos de los expedientes de los trabajadores, emitir constancias de trabajo, aperturar cuentas bancarias nomina y fideicomisos, ingresos y egresos IVSS., Calculo y pago del Faov.,Requisitos,TSU en administración de personal RRHH, carrera afin,Experiencia minina de 3 años en cargos similares,Manejo de sistema nomina Profit Plus (version 2kdoce no limitativo) ,Residenciado (a) en Caracas,Comprometido (a),responsable, excelente relaciones interpersonales, buena presencia,Te ofrecemos,Excelente remuneracion acorde a tu experiencia,Poliza HC, Vida y Servicios Funerarios, Rescarven,Cestaticket de Ley,Subsidios de apoyo para estudios,Capacitacion constante,Buen ambiente de trabajo,Estacionamiento,Si cumples con los requisitos no dudes en postularte",LOGOS CORP C.A.
"Estamos en la búsqueda de profesional independiente en el área de Informática o Sistemas con experiencia en el desarrollo de aplicaciones con tecnología ASP, para trabajar como consultor especializado en una importante institución del sector financiero a nivel nacional.,Requisitos:,El aspirante deberá tener experiencia y conocimiento comprobado en: ASP, ASPX, HTML, VisualScript y base de datos ORACLE (obligatorio). Es deseable que domine el lenguaje de programación Java y las herramientas de MS OFFICE (Word, Excel, PowerPoint y Project),Beneficios:,Ofrecemos excelente ambiente de trabajo, ingresos muy competitivos en el mercado local (ingreso mínimo mensual de Bs. 5.000.000,00) y posibilidad de bonificación en divisas en función del rendimiento.,Observaciones:,Se agradece solo postularse persona que cumpla con el perfil solicitado.",Amseica
"Importante Aerolínea Venezolana en expansión se encuentra en la búsqueda de personal para el cargo de CONTADOR PUBLICO JR., ,RESPONSABILIDADES ESPECÍFICAS,·         Elaborar estados financieros mensuales con información oportuna y verídica.,·         Verificar y depurar cuentas contables.,·         Controlar el correcto registro de los auxiliares de contabilidad..,·         Análisis de conciliaciones bancarias.,·         Análisis de cuentas por cobrar y cuentas por pagar.,·         Elaboración de cierres mensuales,·         Elaboración de libros de compras y de ventas.,·         Elaborar las declaraciones de impuestos ,·          Entre otras funciones,PERFIL DEL CANDIDATO,·         Contador Público Colegiado,·         Por lo menos  1 años de experiencia en el área,·         Edad entre 28 y 45 años de edad.,·         Hombre o mujer,·         Preferiblemente con manejo en PROFIT PLUS ( no limitativo),·         Persona proactiva, organizada, con buen manejo de las relaciones interpersonales a todo nivel..,·         Se requiere Disponibilidad inmediata, ,PERFIL DEL CANDIDATO,      Sueldo competitivo,      45 días de utilidades,      Cesta ticket,      Poliza de salud,     15 días de vacaciones",AEROCARIBE
"MUJER  CON EXCELENTE PRESENTACIÓN PERSONAL, FLUIDEZ VERBAL, ATENCIÓN AL CLIENTE, CONOCIMIENTOS EN VENTAS Y/O TELE MARKETING PREFERIBLEMENTE EN INSUMOS O MATERIAL MEDICO (NO INDISPENSABLE), DISPONIBLE PARA VIAJAR.",Medical Estetic Equipment C. A.
"Técnico con experiencia en equipos multifuncionales impresoras copiadoras. Marca Kyocera y HP. Experiencia en reparacion y configuracion. Viajes eventuales a Puerto Cabello, Bejuma, Yaracal, Maracay, La Victoria, Tejerias. Puede ser por llamada o contratado, gracias.",Contimaca
"Estamos en la busqueda de personal MASCULINO con experiencia para trabajar como Vigilantes, en el horario de 24 X 48, se requiere:,1.- Experiencia mayor a 5 años como vigilante, control de acceso, entrada salida personal y vehiculos, conocimiento en la eleboracion de informe.,2.- Proactivo, excelente relaciones interpersonales.,3.- Probada solvencia moral,4.- Residenciado Caracas. Servicios:  Zona del Paraiso y/o centro de Caracas, adyacencias de Las Mercedes,La empresa le ofrece:,1.- Sueldo superior al establecido en la LOTT. Sueldo Bs. 476.300,00 mensual y cestaticket: Bs. 915.000,00.,2.- Todos los beneficios establecidos en la LOTT,3.- Pagos Puntuales.,4.- Excelente ambiente de trabajo.,5.- Jornadas de 24 X 48.,Si no reune las exigencia no se postule",SEGUVIPRO C.A.
"Se solicita personal para el área de mantenimiento, que posea  conocimientos basicos de plomeria  y electricidad y jardinería, edad comprendida entre 25 y 35 años, de preferencia residenciado en en la zona de san diego o zonas aledañas. Disponibilidad inmediata. Beneficios de ley Salario y Bono Alimentación Socialista","Administradora Agrori, C.A."
"Sercoinfal, C.A., importante empresa de servicio de comedores industriales, se encuentra en la búsqueda de personal capacitado para ocupar el cargo de Gerente de Proyecto.,Requisitos:,- Nivel Académico: Universitario,- Residenciado en zonas cercanas al lugar de trabajo,- Conocimientos en el área de gerencia, alimentos, manejo de personal e inventario, experiencia en comedores, cocinas    ,Funciones:,1.	Optimizar y planificar los recursos productivos del comedor para obtener un crecimiento progresivo de la productividad.,2.	Organizar y realizar seguimiento de la ejecución de todos los trabajos dentro del ciclo de producción.,3.	Tratar con el Gerente General sobre los planes a corto, medio y largo plazo.,4.	Crear  una labor de equipo con sus colaboradores inmediatamente inferiores.,5.	Tiene  a su cargo, supervisar y controlar las actividades  de almacenaje, tanto de materias primas como producto terminado.,6.	Mantener la higiene personal uniformes limpios, uñas cortas y sin esmaltes, cabellos cortos y en caso de las damas recogidos  (hombres no pueden estar barbados) no se permite el uso de zarcillos, reloj, pulseras, anillos, cadenas y maquillaje.,7.	Monitorear la calidad de los alimentos exhibidos en la línea de servicio.,8.	Asegurar que el mecano este exhibido en la línea de servicio, 10 minutos antes de empezar el servicio.,9.	Cumplir con las normas de seguridad establecidas por Sercoinfal en la sucursal donde labora.,10.	Emplear los EPP de acuerdo a la actividad  a ejecutar (calzado de seguridad, gorro, tapa boca).,11.	Cumplir con los estándares de calidad e higiene establecidos por Sercoinfal en la sucursal donde labora.,12.	Cumplir con la notificación de alertas, incidentes y accidentes.  ,Se ofrece excelente paquete salarial a ser conversado en entrevista",SERCOINFAL C.A
"¿Te atrae la carrera inmobiliaria?, ,RE/MAX  es la franquicia inmobiliaria número 1 a nivel Mundial.,En REMAX Sigma te ofrecemos:,1. Formación Constante.,2. Acompañamiento Permanente.,3. Altos Ingresos.,4. Soporte de la marca inmobiliaria número 1 a nivel mundial,5. Autogestion de tu tiempo.,6. Trabajo en Equipo.,ESTAMOS EN LA BÚSQUEDA DE EMPRENDEDORES QUE DESEEN HACER CARRERA INMOBILIARIA,REQUISITOS:,Mayor de 25 años.,Experiencia en Ventas (Seguros, Visitadores Médicos, Consumo Masivo) No limitativo.,Vehículo Propio en Buen estado.,Poseer Teléfono Inteligente,Dedicación Exclusiva.,Espíritu emprendedor.,Facilidad de expresión y habilidades para las ventas.","Sigma Consultores, S.C"
"Importante empresa de Seguridad Física se encuentra en búsqueda de un administrador Integral con conocimientos en la gestión de recursos humanos.,T.S.U o Profesional Universitario en el área de Administración, Administración de Recursos ,Humanos, o afines. Con experiencia de dos 5 años ocupando cargos similares ,Sexo Femenino Edad: Entre 30 a 45 años,Competencias Técnicas:,Procesos Administrativos, Manejo de ingresos y egresos de efectivo, excedentes o déficit, auditoria de ingresos, flujo de efectivo, cierre financiero, cuentas por cobrar, facturación de servicios y retención, supervisión y control de libro de ventas, pago a proveedores, pago de impuestos nacionales y municipales, préstamos bancarios, pagos de incentivos y bonificación al personal, Manejo de paquetes de computación tales como Microsoft Office (Word, Excel y Power Point) y sistemas de gestión. ,Competencias Genéricas:,Atención y servicios al cliente, anticipación y solución de problemas, habilidad para trabajar bajo presión, organización y control de actividades, fluidez verbal, proactivo y dinámico, facilidad para relacionarse con otras personas. ,Reclutamiento y selección de personal, proceso de ingreso, elaboración de contratos, gestión de expedientes,  entre otras funciones inherentes al cargo,Valores:,Honestidad, ética, responsabilidad,Características Personales:,Buena Presencia","Factory Soft Venezuela, C.A."
"•	Apoya al Coordinador de Almacén en el ordenamiento del almacén para la colocación de la mercancía recibida.,•	Colocar las etiquetas a la mercancía con el código de barras.,•	Verificar el buen estado de los productos dentro del almacén.,•	Custodiar la mercancía existente en almacén.,•	Realizar reconteo en caso de presentarse diferencias en la recepción de mercancía.,•	Colaborar en la ejecución de inventarios.,•	Velar por el orden y la limpieza en el almacén.,•	Cumplir  las disposiciones de calidad y de seguridad y salud laboral.,•	Cumplir las normas, políticas y procedimientos establecidos en la empresa.,•	Apagar luces y equipos de trabajo del sitio de trabajo en caso de no utilizarse por períodos prolongados.,•	Verificar los despachos de manera de garantizar que correspondan con la factura en modelos y cantidades.,•	 Manipular correctamente los productos, a fin de proteger la mercancía durante el despacho y dentro del almacén.,•	Velar que los productos a despachar sean cargados correctamente en los vehículos y camiones.,•	Verificar conjuntamente con el cliente, el buen estado de los productos a la hora del despacho.,•	Detectar y regresar a almacén antes del despacho los productos no conformes (golpeados, mojados, etc.) indicando la condición del mismo.,•	Indicar y entregar al Coordinador de Almacén los productos devueltos por garantía o cambio para su correcto almacenamiento.,•	Velar por el orden y la limpieza en el área de pre-despacho y  despacho.,•	Cumplir  con las disposiciones de calidad y de seguridad y salud laboral.",Amal Productos
"Empresa importante de comedores industriales, requiere de Chef de cocina que cumpla con las siguientes funciones,Controlar consumos,Realizar la decoración / terminación de las elaboraciones.,Ejecutar los procesos de envasado y/o conservación para cada género o elaboración culinaria.,Determinar las necesidades para la producción en cocina.,Poner a punto el lugar de trabajo, preparar los espacios, la maquinaria, los útiles y las herramientas necesarias para la elaboración culinaria.,Aplicar los protocolos de seguridad laboral y ambiental, higiene y calidad durante todo el proceso productivo.,Manipular en crudo toda clase de alimentos..,Controlar consumos,Realizar la decoración / terminación de las elaboraciones.,Ejecutar los procesos de envasado y/o conservación para cada género o elaboración culinaria.,Determinar las necesidades para la producción en cocina.,Dirigir y realizar el aprovisionamiento: recepción, almacenaje y distribución de materias primas.,Poner a punto el lugar de trabajo, preparar los espacios, la maquinaria, los útiles y las herramientas necesarias para la elaboración culinaria.,Aplicar los protocolos de seguridad laboral y ambiental, higiene y calidad durante todo el proceso productivo.",SERCOINFAL C.A
"Buscamos personas para ayudarnos en nuestra sucursal ubicada en Caracas, Sabana Grande en labores de oficina y almacén .  Indispensable ser bachiller o estudiante en educación superior","Servicios Youbao, C.A."
"Forma parte de nuestro equipo buscamos profesional graduados en Contabilidad para el cargo de:,ANALISTA CONTABLE,*Lic en Contaduría Publica o estudiantes de los últimos semestres en contabilidad,*Curso de actualización en materia contable y tributaria,*conocimientos Básicos de Contabilidad e Impuestos,*Capacidad de Análisis y Síntesis,*Dominio y manejo de herramientas y programas bajo ambiente Windows, manejo del sistema Profit plus administrativo y Contable.,ACTIVIDADES A REALIZAR:,EJECUTAR EL REGISTRO CONTABLE DERIVADO DE TODAS LAS OPERACIONES Y TRANSACCIONES FINANCIERAS LLEVADAS A CABO POR LA EMPRESA GARANTIZANDO EL CUMPLIMIENTO D LOS PRINCIPIOS CONTABLES, NORMAS Y PROCEDIMIENTOS DE LA ORGANIZACIÓN A FIN DE APOYAR LA EMISIÓN DE LOS ESTADOS FINANCIEROS DE MANERA OPORTUNA Y VERAZ ASÍ COMO EL LOGRO DE LOS OBJETIVOS ADMINISTRATIVO Y CONTABLES.","Centro Marmol Granitos y Diseños, C.A."
"Oferta por contrato requiere Profesionales en el Área de Ingeniería de sistemas.,El candidato debe contar con las siguientes competencias y perfil profesional:,Conocimientos en PHP y CSS- (Opcionalmente HTML5 y CSS3),Manejo de controles de versiones,Conocimientos en GIT,Conocimientos en Javascript y PHP,Dominio de Javascript (jQuery, JSON, AJAX),Conocimientos en PHP y MySQL,Si el candidato no posee extrictos conocimientos tanto el area de PHP como Java.Script SQL por favor no aplicar.,Dicha oferta ofrece al vacante pagos modicos en moneda nacional.",Massive Attack
"Elaborar Proyectos abarcando las diferentes etapas de diseño y recaudación de todos los documentos e información necesaria para iniciar los trabajos, todo lo cual estará enmarcado en  un trabajo multidisciplinario que debe ser coordinado y supervisado por esta Gerencia para dar cumplimiento al objetivo principal que se persigue, generando como producto final la entrega del Proyecto completo, para su construcción.","SERVICIOS Y CONSTRUCCIONES EXIAN, C.A"
"LRS Grupo, C.A., es una empresa que trabaja con el ramo de la distribución y comercialización de descartables (plásticos, aluminio, cartón), productos de limpieza, productos de higiene personal, entre otros, ubicada en San Diego Estado Carabobo.,Estamos buscando una persona para desempeñarse como Asesor de Ventas en Formación que cumpla con las siguientes características:,	Edad comprendida entre 22 y 28 años (preferiblemente),	Con vehículo propio (no limitante),	Residenciado en San Diego Estado Carabobo (No limitante),	Estudiante o graduado de Instituto tecnológico o Universidad (No limitante),	Para desempeñarse en el área de San Diego (Estado Carabobo),Tareas del cargo:,1.	Desarrollar el perfil de los potenciales clientes en la Zona de San Diego.,2.	Realizar visitas promocionales.,3.	Fijar cartera de clientes de la Zona de San Diego.,4.	Toma de Pedidos, Concretar ventas y gestionar las cobranzas.,5.	Retroalimentación e Información de los clientes visitados, así como del mercado desarrollado.,6.	Reporte semanal de las visitas realizadas.,Importante: este cargo es Freelance, bajo la modalidad de pago por Servicio (no contratación directa). Pago Base más comisión por objetivos.",LRS GRUPO CA
"Se Solicita profesional para ocupar cargo de Jefe de Administración,recidenciado en la zona centro -norte de valencia.,        Perfil : ,        Nivel Educativo: Lic. en Contaduría Pública.                    ,•	Experiencia Laboral: Más de 5 años en el área administrativa, contable y financiera. ,•	Conocimientos: Sistemas  administrativos (Valery), Microsoft Word Paquete office. Experiencia en empresas contribuyentes especiales (Indispensable) y supervicion de personal,control y seguimento de los procesos del departamento a su cargo.,Debe operar, supervisar, autorizar y coordinar todas las actividades del personal a su cargo, alineándolo con el cumplimiento de todas las leyes vigentes que le apliquen. Manejo avanzado de sistemas contables y administrativos. Responsable de gerenciar Cuentas por Cobrar, Cuentas por pagar, Inventarios, Activos fijos, Bancos, Impuestos nacionales y municipales.,•	 Habilidades: para gerenciar y liderar grupo de trabajo, capacidad de planificación, programación y seguimiento de actividades administrativa, fluidez verbal, escrita y numérica, capacidad de análisis financieros y administrativos, desarrollar estrategias y  proyecciones en la empresa,orientacion al servicioi y trabajo en equipo y bajo presion.,Se ofrece Sueldo base , bonificacion por productividad,  cestaticket mas beneficios de Ley ,INDICAR ASPIRACIÓN SALARIAL,Por favor abstenerse quien no cumpla con el perfil para el cargo.","Digitalarm, C.A."
